Company,Job Title,Description,Location,Posted Date,Apply By,Apply Link,Source,Extracted At
Accounts,Apply for Finance Manager,"Meghalaya Govt Jobs 2026 – Apply Online & Latest Recruitment
Graduate
Meghalayan Age Limited Recruitment 2026: Apply for Finance Manager & Accounts Assistant Jobs in Shillong
Apply for Finance Manager",Assistant Jo,,,https://www.meghalayaportal.com/,website,2026-04-21 21:02:37
Accounts,"bs in Shillong
Apply for Finance Manager","Meghalaya Govt Jobs 2026 – Apply Online & Latest Recruitment
Graduate
Meghalayan Age Limited Recruitment 2026: Apply for Finance Manager & Accounts Assistant Jobs in Shillong
Apply for Finance Manager",Assistant Va,,,https://www.meghalayaportal.com/,website,2026-04-21 21:02:37
Vacancies,Assistant Engineer,"Meghalaya Govt Jobs 2026 – Apply Online & Latest Recruitment
Graduate
Meghalayan Age Limited Recruitment 2026: Apply for Finance Manager & Accounts Assistant Jobs in Shillong
Apply for Finance Manager",Salary up,,,https://www.meghalayaportal.com/,website,2026-04-21 21:02:37
Electrical,Apply for Assistant Engineer,"Meghalaya Govt Jobs 2026 – Apply Online & Latest Recruitment
Graduate
Meghalayan Age Limited Recruitment 2026: Apply for Finance Manager & Accounts Assistant Jobs in Shillong
Apply for Finance Manager",IT,,,https://www.meghalayaportal.com/,website,2026-04-21 21:02:37
Syllabus,"Engineer
MeECL Assistant Engineer","Meghalaya Govt Jobs 2026 – Apply Online & Latest Recruitment
Graduate
Meghalayan Age Limited Recruitment 2026: Apply for Finance Manager & Accounts Assistant Jobs in Shillong
Apply for Finance Manager",Detailed Ex,,,https://www.meghalayaportal.com/,website,2026-04-21 21:02:37
AE,wise breakdown for the MeECL Assistant Engineer,"Meghalaya Govt Jobs 2026 – Apply Online & Latest Recruitment
Graduate
Meghalayan Age Limited Recruitment 2026: Apply for Finance Manager & Accounts Assistant Jobs in Shillong
Apply for Finance Manager",writ,,,https://www.meghalayaportal.com/,website,2026-04-21 21:02:37
Vacancy,Apply for Assistant Depot Manager,"Meghalaya Govt Jobs 2026 – Apply Online & Latest Recruitment
Graduate
Meghalayan Age Limited Recruitment 2026: Apply for Finance Manager & Accounts Assistant Jobs in Shillong
Apply for Finance Manager",Posts,,,https://www.meghalayaportal.com/,website,2026-04-21 21:02:37
Jr,Apply for Assistant Manager,"Meghalaya Govt Jobs 2026 – Apply Online & Latest Recruitment
Graduate
Meghalayan Age Limited Recruitment 2026: Apply for Finance Manager & Accounts Assistant Jobs in Shillong
Apply for Finance Manager","Assistant
SS",,,https://www.meghalayaportal.com/,website,2026-04-21 21:02:37
